Decision1;Rationale1;Decision2;Rationale2;Relationship;Alpha;similarity_rationales;contradiction_rationales
Add missing <iden> wrappers as return type;missing;Add some missing @nullable annotations to <file_name> ;missing;Similar;0.8534389734268188;1.0000001192092896;
Add missing <iden> wrappers as return type;missing;Add some missing Nullable annotations;missing;Similar;0.8054558038711548;1.0000001192092896;
Add missing <iden> wrappers as return type;missing;Add some missing Nullable annotations;missing;Similar;0.8054558038711548;1.0000001192092896;
Add missing <iden> wrappers as return type;missing;Add missing import  ;missing;Similar;0.8049452900886536;1.0000001192092896;
Added a <file_name> rule for the line indentation  ;Indentation;Adding GET support to <file_name>;support;Similar;0.8554009199142456;0.7533348202705383;
Added a <file_name> rule for the line indentation  ;Indentation;Add coroutine support to <file_name> ;coroutine support;Similar;0.8920019268989563;0.7106151580810547;
Added a <file_name> rule for the line indentation  ;Indentation;Combine <file_name> and <iden> into <method_name> <enter>  ;This is one class that handles all of the annotations and binding for a service method;Similar;0.8550240397453308;0.35511088371276855;
Added a <file_name> rule for the line indentation  ;Indentation;Add example of using <iden> <file_name> as a <iden> <method_name>  ;This also adds the <file_name> instance as a param to the string <file_name> to allow it to delegate to others directly. This brings it into parity with the method signatures of the other <file_name> methods anyway.;Similar;0.8964203596115112;0.1948014199733734;
Added a <file_name> rule for the line indentation  ;Indentation;Provide a mutable <file_name> implementation. <iden> to conform.;to conform;Similar;0.8113129138946533;0.7914018630981445;
Added a <file_name> rule for the line indentation  ;Indentation;Allow <file_name> instantiation  ;Hide some Apache implementation details;Similar;0.8032503128051758;0.4555041790008545;
Added a <file_name> rule for the line indentation  ;Indentation;Adding a human-readable name to the  <file_name>  interface;human-readable;Similar;0.822344183921814;0.6746988892555237;
Added a <file_name> rule for the line indentation  ;Indentation;rename <iden> ->  <file_name>  ;to harvest the names for new annotations;Similar;0.8561747074127197;0.482051819562912;
Added a <file_name> rule for the line indentation  ;Indentation;Add <file_name>, <file_name> support to <file_name>  ;-;Similar;0.8266809582710266;0.8648372888565063;
Added a <file_name> rule for the line indentation  ;Indentation;Allow <file_name> extensions;improved <file_name>;Similar;0.8177690505981445;0.6365697383880615;
Added a <file_name> rule for the line indentation  ;Indentation;moved util to <file_name>, added <file_name>  ;Organize and enhance code files;Similar;0.8607685565948486;0.541304349899292;
Added a <file_name> rule for the line indentation  ;Indentation;Expose <iden> via the <file_name> injection-like framework;injection-like framework;Similar;0.8430824279785156;0.7623496055603027;
Added a <file_name> rule for the line indentation  ;Indentation;Changing `<file_name>` to implement `<file_name>` interface;interface;Similar;0.8287795186042786;0.7981764078140259;
Adding GET support to <file_name>;support;Add response object to <file_name> success;Gives access to response headers while still converting response within retrofit;Similar;0.8925526142120361;0.5942889451980591;
Adding GET support to <file_name>;support;Add <iden> wrapper validation  ;validation;Similar;0.8020498156547546;0.8992865085601807;
Adding GET support to <file_name>;support;Add coroutine support to <file_name> ;coroutine support;Similar;0.9555798768997192;0.8229700922966003;
Adding GET support to <file_name>;support;Update to <iden> <version>;Use get instead of parse for <iden> and <iden> where valid input is always required;Similar;0.8117362260818481;0.5019316077232361;
Adding GET support to <file_name>;support;Pull out <file_name> base class <enter>;This will allow us to support multiple forms of invocation beyond <iden> calls.;Similar;0.8199319839477539;0.465215802192688;
Adding GET support to <file_name>;support;Combine <file_name> and <iden> into <method_name> <enter>  ;This is one class that handles all of the annotations and binding for a service method;Similar;0.8595447540283203;0.3979533016681671;
Adding GET support to <file_name>;support;Add example of using <iden> <file_name> as a <iden> <method_name>  ;This also adds the <file_name> instance as a param to the string <file_name> to allow it to delegate to others directly. This brings it into parity with the method signatures of the other <file_name> methods anyway.;Similar;0.9110247492790222;0.22243183851242065;
Adding GET support to <file_name>;support;Expose success type on <method_name>;Theres a bit of a test gap going on for all the variants of successful and erroneous handling of sync, async, and rx. This new behavior is fully tested in all three but more general behavior testing for them will be needed in a follow-up.;Similar;0.8535876870155334;0.08888570219278336;0.8382580876350403
Adding GET support to <file_name>;support;Provide a mutable <file_name> implementation. <iden> to conform.;to conform;Similar;0.8494551181793213;0.8426966071128845;
Adding GET support to <file_name>;support;Allow <file_name> instantiation  ;Hide some Apache implementation details;Similar;0.8850601315498352;0.38241153955459595;
Adding GET support to <file_name>;support;Adding a human-readable name to the  <file_name>  interface;human-readable;Similar;0.8336607217788696;0.7644810080528259;
Adding GET support to <file_name>;support;rename <iden> ->  <file_name>  ;to harvest the names for new annotations;Similar;0.84527188539505;0.3399814963340759;
Adding GET support to <file_name>;support;Add fixed query parameter support;support;Similar;0.8055375814437866;0.9999998807907104;
Adding GET support to <file_name>;support;Add <file_name>, <file_name> support to <file_name>  ;-;Similar;0.9528114199638368;0.8363038301467896;
Adding GET support to <file_name>;support;Allow <file_name> extensions;improved <file_name>;Similar;0.9060639142990112;0.6324853301048279;
Adding GET support to <file_name>;support;Ensure <file_name> and <file_name> use FileDescriptor.sync();Ensure <file_name> and <file_name> use FileDescriptor.sync();Similar;0.8475877642631531;0.53690505027771;
Adding GET support to <file_name>;support;moved util to <file_name>, added <file_name>  ;Organize and enhance code files;Similar;0.9100902080535888;0.5188745260238647;
Adding GET support to <file_name>;support;Expose <iden> via the <file_name> injection-like framework;injection-like framework;Similar;0.8407281637191772;0.6616664528846741;
Adding GET support to <file_name>;support;Changing `<file_name>` to implement `<file_name>` interface;interface;Similar;0.8630207777023315;0.7258611917495728;
Add response object to <file_name> success;Gives access to response headers while still converting response within retrofit;Add <iden> wrapper validation  ;validation;Similar;0.8273918628692627;0.6462686061859131;
Add response object to <file_name> success;Gives access to response headers while still converting response within retrofit;Add coroutine support to <file_name> ;coroutine support;Similar;0.8626139163970947;0.6839501857757568;
Add response object to <file_name> success;Gives access to response headers while still converting response within retrofit;Combine <file_name> and <iden> into <method_name> <enter>  ;This is one class that handles all of the annotations and binding for a service method;Similar;0.813328742980957;0.5648781657218933;
Add response object to <file_name> success;Gives access to response headers while still converting response within retrofit;Add example of using <iden> <file_name> as a <iden> <method_name>  ;This also adds the <file_name> instance as a param to the string <file_name> to allow it to delegate to others directly. This brings it into parity with the method signatures of the other <file_name> methods anyway.;Similar;0.8472152948379517;0.5079203844070435;
Add response object to <file_name> success;Gives access to response headers while still converting response within retrofit;Expose success type on <method_name>;Theres a bit of a test gap going on for all the variants of successful and erroneous handling of sync, async, and rx. This new behavior is fully tested in all three but more general behavior testing for them will be needed in a follow-up.;Similar;0.9160473346710204;0.42830947041511536;0.8592737317085266
Add response object to <file_name> success;Gives access to response headers while still converting response within retrofit;Provide a mutable <file_name> implementation. <iden> to conform.;to conform;Similar;0.8121593594551086;0.631102442741394;
Add response object to <file_name> success;Gives access to response headers while still converting response within retrofit;Allow <file_name> instantiation  ;Hide some Apache implementation details;Similar;0.8785316348075867;0.5595294237136841;
Add response object to <file_name> success;Gives access to response headers while still converting response within retrofit;Add fixed query parameter support;support;Similar;0.803900957107544;0.5942889451980591;
Add response object to <file_name> success;Gives access to response headers while still converting response within retrofit;Add <file_name>, <file_name> support to <file_name>  ;-;Similar;0.8964241743087769;0.5332323312759399;
Add response object to <file_name> success;Gives access to response headers while still converting response within retrofit;Allow <file_name> extensions;improved <file_name>;Similar;0.8613278865814209;0.6279460191726685;
Add response object to <file_name> success;Gives access to response headers while still converting response within retrofit;moved util to <file_name>, added <file_name>  ;Organize and enhance code files;Similar;0.8472074270248413;0.6505548357963562;
Add <iden> wrapper validation  ;validation;Add <iden> integration tests;integration;Similar;0.9047722220420836;0.8340703248977661;
Add <iden> wrapper validation  ;validation;Add coroutine support to <file_name> ;coroutine support;Similar;0.8029508590698242;0.7925257682800293;
Add <iden> wrapper validation  ;validation;Update to <iden> <version>;Use get instead of parse for <iden> and <iden> where valid input is always required;Similar;0.8768751621246338;0.586961567401886;
Add <iden> wrapper validation  ;validation;Combine <file_name> and <iden> into <method_name> <enter>  ;This is one class that handles all of the annotations and binding for a service method;Similar;0.8373289108276367;0.41528505086898804;
Add <iden> wrapper validation  ;validation;Add example of using <iden> <file_name> as a <iden> <method_name>  ;This also adds the <file_name> instance as a param to the string <file_name> to allow it to delegate to others directly. This brings it into parity with the method signatures of the other <file_name> methods anyway.;Similar;0.8376315236091614;0.2838727831840515;
Add <iden> wrapper validation  ;validation;Expose success type on <method_name>;Theres a bit of a test gap going on for all the variants of successful and erroneous handling of sync, async, and rx. This new behavior is fully tested in all three but more general behavior testing for them will be needed in a follow-up.;Similar;0.8179787397384644;0.16222232580184937;0.8721848130226135
Add <iden> wrapper validation  ;validation;Add path and query tests for pre-encoded values;-;Similar;0.8270606994628906;0.8313019871711731;
Add <iden> wrapper validation  ;validation;Add converters module and protobuf converter;to the sentence;Similar;0.8266749382019043;0.8174564838409424;
Add <iden> wrapper validation  ;validation;Provide a mutable <file_name> implementation. <iden> to conform.;to conform;Similar;0.8558805584907532;0.867347002029419;
Add <iden> wrapper validation  ;validation;Add fixed query parameter support;support;Similar;0.8160593509674072;0.8992865085601807;
Add <iden> wrapper validation  ;validation;Add <file_name>, <file_name> support to <file_name>  ;-;Similar;0.8176412582397461;0.8313019871711731;
Add <iden> wrapper validation  ;validation;Allow <file_name> extensions;improved <file_name>;Similar;0.8261744379997253;0.6814738512039185;
Add <iden> wrapper validation  ;validation;moved util to <file_name>, added <file_name>  ;Organize and enhance code files;Similar;0.8039212226867676;0.5427005290985107;
Add <iden> wrapper validation  ;validation;Use <iden> <version>s JsonAdapter.serializeNulls();serializeNulls;Similar;0.820044755935669;0.671533465385437;
Add <iden> wrapper validation  ;validation;Expose <iden> via the <file_name> injection-like framework;injection-like framework;Similar;0.8188077211380005;0.6962916851043701;
Add <iden> wrapper validation  ;validation;Fix support for protobuf <version>+;ExtensionRegistry cannot be null;Similar;0.8233850002288818;0.5577154159545898;
Add <iden> integration tests;integration;Update to <iden> <version>;Use get instead of parse for <iden> and <iden> where valid input is always required;Similar;0.8368161916732788;0.5246458649635315;
Add <iden> integration tests;integration;Combine <file_name> and <iden> into <method_name> <enter>  ;This is one class that handles all of the annotations and binding for a service method;Similar;0.8008688688278198;0.45554015040397644;
Add <iden> integration tests;integration;Add converters module and protobuf converter;to the sentence;Similar;0.8342825174331665;0.7795960903167725;
Add <iden> integration tests;integration;Provide a mutable <file_name> implementation. <iden> to conform.;to conform;Similar;0.8104881048202515;0.8107634782791138;
Add coroutine support to <file_name> ;coroutine support;Pull out <file_name> base class <enter>;This will allow us to support multiple forms of invocation beyond <iden> calls.;Similar;0.8386882543563843;0.6118344068527222;
Add coroutine support to <file_name> ;coroutine support;Combine <file_name> and <iden> into <method_name> <enter>  ;This is one class that handles all of the annotations and binding for a service method;Similar;0.8767303824424744;0.5432707667350769;
Add coroutine support to <file_name> ;coroutine support;Add example of using <iden> <file_name> as a <iden> <method_name>  ;This also adds the <file_name> instance as a param to the string <file_name> to allow it to delegate to others directly. This brings it into parity with the method signatures of the other <file_name> methods anyway.;Similar;0.925632655620575;0.4435555040836334;
Add coroutine support to <file_name> ;coroutine support;Expose success type on <method_name>;Theres a bit of a test gap going on for all the variants of successful and erroneous handling of sync, async, and rx. This new behavior is fully tested in all three but more general behavior testing for them will be needed in a follow-up.;Similar;0.8515074253082275;0.1933513879776001;0.8104106783866882
Add coroutine support to <file_name> ;coroutine support;Update <file_name> to latest. Add default constructor.;latest, Add default constructor;Similar;0.8038377165794373;0.5776238441467285;
Add coroutine support to <file_name> ;coroutine support;Provide a mutable <file_name> implementation. <iden> to conform.;to conform;Similar;0.8500094413757324;0.741239607334137;
Add coroutine support to <file_name> ;coroutine support;Allow <file_name> instantiation  ;Hide some Apache implementation details;Similar;0.8726332187652588;0.5039241313934326;
Add coroutine support to <file_name> ;coroutine support;Introduce builder pattern to instantiate <method_name>;profiler are now optional. Convenience methods for specifying a <iden> or an <iden> directly are also provided.;Similar;0.8172329664230347;0.4623207449913025;
Add coroutine support to <file_name> ;coroutine support;Adding a human-readable name to the  <file_name>  interface;human-readable;Similar;0.8532384037971497;0.6831452250480652;
Add coroutine support to <file_name> ;coroutine support;Added getTag() and logChunk() methods;for easier subclassing;Similar;0.8006175756454468;0.60611891746521;
Add coroutine support to <file_name> ;coroutine support;rename <iden> ->  <file_name>  ;to harvest the names for new annotations;Similar;0.8472147583961487;0.5289246439933777;
Add coroutine support to <file_name> ;coroutine support;Add <file_name>, <file_name> support to <file_name>  ;-;Similar;0.9231959581375122;0.6934462785720825;
Add coroutine support to <file_name> ;coroutine support;Allow <file_name> extensions;improved <file_name>;Similar;0.8888744115829468;0.7436414957046509;
Add coroutine support to <file_name> ;coroutine support;Ensure <file_name> and <file_name> use FileDescriptor.sync();Ensure <file_name> and <file_name> use FileDescriptor.sync();Similar;0.8455690741539001;0.7233667969703674;
Add coroutine support to <file_name> ;coroutine support;moved util to <file_name>, added <file_name>  ;Organize and enhance code files;Similar;0.8907725811004639;0.725430965423584;
Add coroutine support to <file_name> ;coroutine support;Expose <iden> via the <file_name> injection-like framework;injection-like framework;Similar;0.8943928480148315;0.7918768525123596;
Add coroutine support to <file_name> ;coroutine support;Changing `<file_name>` to implement `<file_name>` interface;interface;Similar;0.8749696016311646;0.8115091323852539;
Migrate forced suspension mechanism from yield to <iden>;Since its possible for certain dispatchers to completely avoid yielding, and currently the immediate dispatchers exhibit this behavior, we need an alternate mechanism of forcing suspension or UndeclaredThrowableExceptions will still be seen.;Rename <method_name> to onSuccess(), and failure() to <iden>();to onSuccess(), and failure(), <iden>;Similar;0.8369461297988892;0.6101361513137817;
Add more obviously missing @nullable annotations;missing;Add some missing @nullable annotations to <file_name> ;missing;Similar;0.8108850121498108;1.0000001192092896;
Add more obviously missing @nullable annotations;missing;Add some missing Nullable annotations;missing;Similar;0.8654811382293701;1.0000001192092896;
Add more obviously missing @nullable annotations;missing;Add some missing Nullable annotations;missing;Similar;0.8654811382293701;1.0000001192092896;
Add more obviously missing @nullable annotations;missing;Remove old <iden> nonsense;As of API 26 the android.jar contains the classes checked by <iden> and used by <iden>.Java8. And we dont encourage throwing checked exceptions from the service method but instead routing them through your call adapter.;Similar;0.8008115291595459;0.04142402112483978;
Add more obviously missing @nullable annotations;missing;Add missing import  ;missing;Similar;0.8512544631958008;1.0000001192092896;
Add more obviously missing @nullable annotations;missing;Remove incorrect generic parameter  ;incorrect;Similar;0.8024924993515015;0.8692007660865784;
Add some missing @nullable annotations to <file_name> ;missing;Add some missing Nullable annotations;missing;Similar;0.8602589964866638;1.0000001192092896;
Add some missing @nullable annotations to <file_name> ;missing;Add some missing Nullable annotations;missing;Similar;0.8602589964866638;1.0000001192092896;
Add some missing @nullable annotations to <file_name> ;missing;Remove unused <file_name> classes;unused;Similar;0.8050763607025146;0.9470615386962891;
Add some missing Nullable annotations;missing;Add some missing Nullable annotations;missing;Similar;0.9999998807907104;1.0000001192092896;
Add some missing Nullable annotations;missing;Add missing import  ;missing;Similar;0.8047688007354736;1.0000001192092896;
Add some missing Nullable annotations;missing;Add missing import  ;missing;Similar;0.8047688007354736;1.0000001192092896;
Expose static factory for <file_name> <enter> Also rework the internals of how an <file_name> gets instantiated and set as a tag on the <iden>;This will make a future change easier to land;Introduce builder pattern to instantiate <method_name>;profiler are now optional. Convenience methods for specifying a <iden> or an <iden> directly are also provided.;Similar;0.8140550851821899;0.43568122386932373;
Update to <iden> <version>;Use get instead of parse for <iden> and <iden> where valid input is always required;Combine <file_name> and <iden> into <method_name> <enter>  ;This is one class that handles all of the annotations and binding for a service method;Similar;0.8377743363380432;0.5264477729797363;
Update to <iden> <version>;Use get instead of parse for <iden> and <iden> where valid input is always required;call it a <version>;Actually;Similar;0.9079309701919556;0.451846718788147;
Update to <iden> <version>;Use get instead of parse for <iden> and <iden> where valid input is always required;Add example of using <iden> <file_name> as a <iden> <method_name>  ;This also adds the <file_name> instance as a param to the string <file_name> to allow it to delegate to others directly. This brings it into parity with the method signatures of the other <file_name> methods anyway.;Similar;0.8396008610725403;0.5449573993682861;
Update to <iden> <version>;Use get instead of parse for <iden> and <iden> where valid input is always required;Fix annotation link;<iden> is gone;Similar;0.8231416344642639;0.4389243721961975;
Update to <iden> <version>;Use get instead of parse for <iden> and <iden> where valid input is always required;Expose success type on <method_name>;Theres a bit of a test gap going on for all the variants of successful and erroneous handling of sync, async, and rx. This new behavior is fully tested in all three but more general behavior testing for them will be needed in a follow-up.;Similar;0.8024905323982239;0.49284201860427856;0.8033888339996338
Update to <iden> <version>;Use get instead of parse for <iden> and <iden> where valid input is always required;Provide a mutable <file_name> implementation. <iden> to conform.;to conform;Similar;0.8425923585891724;0.591971218585968;
Update to <iden> <version>;Use get instead of parse for <iden> and <iden> where valid input is always required;Allow <file_name> instantiation  ;Hide some Apache implementation details;Similar;0.8060716390609741;0.41383564472198486;
Update to <iden> <version>;Use get instead of parse for <iden> and <iden> where valid input is always required;rename <iden> ->  <file_name>  ;to harvest the names for new annotations;Similar;0.8275943994522095;0.4473457336425781;
Update to <iden> <version>;Use get instead of parse for <iden> and <iden> where valid input is always required;Add fixed query parameter support;support;Similar;0.8131542205810547;0.5019316077232361;
Update to <iden> <version>;Use get instead of parse for <iden> and <iden> where valid input is always required;Add <file_name>, <file_name> support to <file_name>  ;-;Similar;0.8125338554382324;0.47179675102233887;
Update to <iden> <version>;Use get instead of parse for <iden> and <iden> where valid input is always required;Allow <file_name> extensions;improved <file_name>;Similar;0.8277488946914673;0.500352680683136;
Update to <iden> <version>;Use get instead of parse for <iden> and <iden> where valid input is always required;moved util to <file_name>, added <file_name>  ;Organize and enhance code files;Similar;0.8298568725585938;0.44213157892227173;
Update to <iden> <version>;Use get instead of parse for <iden> and <iden> where valid input is always required;Use <iden> <version>s JsonAdapter.serializeNulls();serializeNulls;Similar;0.8390623331069946;0.508819580078125;0.537721574306488
Update to <iden> <version>;Use get instead of parse for <iden> and <iden> where valid input is always required;Fix support for protobuf <version>+;ExtensionRegistry cannot be null;Similar;0.8610114455223083;0.626970648765564;
Pull out <file_name> base class <enter>;This will allow us to support multiple forms of invocation beyond <iden> calls.;Combine <file_name> and <iden> into <method_name> <enter>  ;This is one class that handles all of the annotations and binding for a service method;Similar;0.8715475797653198;0.5964303612709045;
Pull out <file_name> base class <enter>;This will allow us to support multiple forms of invocation beyond <iden> calls.;Add example of using <iden> <file_name> as a <iden> <method_name>  ;This also adds the <file_name> instance as a param to the string <file_name> to allow it to delegate to others directly. This brings it into parity with the method signatures of the other <file_name> methods anyway.;Similar;0.850075364112854;0.6757444143295288;
Pull out <file_name> base class <enter>;This will allow us to support multiple forms of invocation beyond <iden> calls.;Introduce factory for <file_name> concept;This is still highly-inefficient in its internal use and there are no tests proving that we now fail earlier in configuring a service method;Similar;0.805705189704895;0.08625556528568268;0.5361028909683228
Pull out <file_name> base class <enter>;This will allow us to support multiple forms of invocation beyond <iden> calls.;Expose success type on <method_name>;Theres a bit of a test gap going on for all the variants of successful and erroneous handling of sync, async, and rx. This new behavior is fully tested in all three but more general behavior testing for them will be needed in a follow-up.;Similar;0.8324688673019409;0.5765570402145386;0.7796288728713989
Pull out <file_name> base class <enter>;This will allow us to support multiple forms of invocation beyond <iden> calls.;Introduce builder pattern to instantiate <method_name>;profiler are now optional. Convenience methods for specifying a <iden> or an <iden> directly are also provided.;Similar;0.8014546632766724;0.5274227857589722;
Pull out <file_name> base class <enter>;This will allow us to support multiple forms of invocation beyond <iden> calls.;rename <iden> ->  <file_name>  ;to harvest the names for new annotations;Similar;0.8169373273849487;0.582862377166748;
Pull out <file_name> base class <enter>;This will allow us to support multiple forms of invocation beyond <iden> calls.;Add <file_name>, <file_name> support to <file_name>  ;-;Similar;0.8197053074836731;0.3630627393722534;
Pull out <file_name> base class <enter>;This will allow us to support multiple forms of invocation beyond <iden> calls.;Allow <file_name> extensions;improved <file_name>;Similar;0.8372663259506226;0.6152033805847168;
Pull out <file_name> base class <enter>;This will allow us to support multiple forms of invocation beyond <iden> calls.;moved util to <file_name>, added <file_name>  ;Organize and enhance code files;Similar;0.8140462040901184;0.6249691843986511;
Pull out <file_name> base class <enter>;This will allow us to support multiple forms of invocation beyond <iden> calls.;Expose <iden> via the <file_name> injection-like framework;injection-like framework;Similar;0.862533450126648;0.543666422367096;
Remove old <iden> nonsense;As of API 26 the android.jar contains the classes checked by <iden> and used by <iden>.Java8. And we dont encourage throwing checked exceptions from the service method but instead routing them through your call adapter.;Remove unused interface  ;unused;Similar;0.840207576751709;0.04320479556918144;
Remove old <iden> nonsense;As of API 26 the android.jar contains the classes checked by <iden> and used by <iden>.Java8. And we dont encourage throwing checked exceptions from the service method but instead routing them through your call adapter.;Remove incorrect generic parameter  ;incorrect;Similar;0.8577327728271484;-0.024714671075344086;
Remove old <iden> nonsense;As of API 26 the android.jar contains the classes checked by <iden> and used by <iden>.Java8. And we dont encourage throwing checked exceptions from the service method but instead routing them through your call adapter.;Remove unused classes from <otherCommit_link>;unused;Similar;0.8029720783233643;0.04320479556918144;
Remove old <iden> nonsense;As of API 26 the android.jar contains the classes checked by <iden> and used by <iden>.Java8. And we dont encourage throwing checked exceptions from the service method but instead routing them through your call adapter.;Removal of Unnecessary Creation of <iden>;if <iden> has length 0 there is no point to create stringBuilder for that. that condition check needs to happen before stringBuilder creation.;Similar;0.8649892807006836;0.4169023036956787;
Remove old <iden> nonsense;As of API 26 the android.jar contains the classes checked by <iden> and used by <iden>.Java8. And we dont encourage throwing checked exceptions from the service method but instead routing them through your call adapter.;Remove redundant throws  ;redundant;Similar;0.8248981237411499;0.006411939859390259;
Combine <file_name> and <iden> into <method_name> <enter>  ;This is one class that handles all of the annotations and binding for a service method;Add example of using <iden> <file_name> as a <iden> <method_name>  ;This also adds the <file_name> instance as a param to the string <file_name> to allow it to delegate to others directly. This brings it into parity with the method signatures of the other <file_name> methods anyway.;Similar;0.9429036378860474;0.6563518047332764;
Combine <file_name> and <iden> into <method_name> <enter>  ;This is one class that handles all of the annotations and binding for a service method;Expose success type on <method_name>;Theres a bit of a test gap going on for all the variants of successful and erroneous handling of sync, async, and rx. This new behavior is fully tested in all three but more general behavior testing for them will be needed in a follow-up.;Similar;0.8291360139846802;0.4542643427848816;0.7451245784759521
Combine <file_name> and <iden> into <method_name> <enter>  ;This is one class that handles all of the annotations and binding for a service method;Provide a mutable <file_name> implementation. <iden> to conform.;to conform;Similar;0.841789186000824;0.4530971646308899;
Combine <file_name> and <iden> into <method_name> <enter>  ;This is one class that handles all of the annotations and binding for a service method;Allow <file_name> instantiation  ;Hide some Apache implementation details;Similar;0.8337457776069641;0.41998329758644104;
Combine <file_name> and <iden> into <method_name> <enter>  ;This is one class that handles all of the annotations and binding for a service method;rename <iden> ->  <file_name>  ;to harvest the names for new annotations;Similar;0.8913522362709045;0.5523517727851868;
Combine <file_name> and <iden> into <method_name> <enter>  ;This is one class that handles all of the annotations and binding for a service method;Add <file_name>, <file_name> support to <file_name>  ;-;Similar;0.8734908103942871;0.2830958664417267;
Combine <file_name> and <iden> into <method_name> <enter>  ;This is one class that handles all of the annotations and binding for a service method;Allow <file_name> extensions;improved <file_name>;Similar;0.8564161062240601;0.43904122710227966;
Combine <file_name> and <iden> into <method_name> <enter>  ;This is one class that handles all of the annotations and binding for a service method;Ensure <file_name> and <file_name> use FileDescriptor.sync();Ensure <file_name> and <file_name> use FileDescriptor.sync();Similar;0.833451509475708;0.5956835746765137;
Combine <file_name> and <iden> into <method_name> <enter>  ;This is one class that handles all of the annotations and binding for a service method;moved util to <file_name>, added <file_name>  ;Organize and enhance code files;Similar;0.9039793014526368;0.5822553634643555;
Combine <file_name> and <iden> into <method_name> <enter>  ;This is one class that handles all of the annotations and binding for a service method;Use <iden> <version>s JsonAdapter.serializeNulls();serializeNulls;Similar;0.8293322324752808;0.3934243321418762;
Combine <file_name> and <iden> into <method_name> <enter>  ;This is one class that handles all of the annotations and binding for a service method;Expose <iden> via the <file_name> injection-like framework;injection-like framework;Similar;0.8831297159194946;0.4808553159236908;
Combine <file_name> and <iden> into <method_name> <enter>  ;This is one class that handles all of the annotations and binding for a service method;Changing `<file_name>` to implement `<file_name>` interface;interface;Similar;0.8456987738609314;0.4667278528213501;
Rename <method_name> to onSuccess(), and failure() to <iden>();to onSuccess(), and failure(), <iden>;Reintroduced deprecated <file_name> constructor;deprecated;Similar;0.8241708874702454;0.8036526441574097;
Rename <method_name> to onSuccess(), and failure() to <iden>();to onSuccess(), and failure(), <iden>;rename <iden> ->  <file_name>  ;to harvest the names for new annotations;Similar;0.8473066091537476;0.37648841738700867;
Refer to the latest OkHttp version;latest;Update <file_name> to the latest version;the latest version;Similar;0.8793382048606873;0.9272534847259521;
Update <file_name> to the latest version;the latest version;Update <file_name> to latest. Add default constructor.;latest, Add default constructor;Similar;0.8998827338218689;0.7713195085525513;
Update <file_name> to the latest version;the latest version;Newline at end of file  ;Yes plz;Similar;0.8061124086380005;0.510586142539978;
Remove unused interface  ;unused;Remove duplicated test  ;It is the same as in this file;Similar;0.8555238842964172;0.4696863293647766;
Remove unused interface  ;unused;Add missing import  ;missing;Similar;0.8161227703094482;0.9470615386962891;
Remove unused interface  ;unused;Remove the need for generated accessor methods  ;need for generated accessor methods;Similar;0.8618029356002808;0.48831257224082947;
Remove unused interface  ;unused;Remove incorrect generic parameter  ;incorrect;Similar;0.8797789216041565;0.8824944496154785;
Remove unused interface  ;unused;Remove unused classes from <otherCommit_link>;unused;Similar;0.8846280574798584;1.0;
Remove unused interface  ;unused;Remove unused <file_name> classes;unused;Similar;0.8528571724891663;1.0;
Remove unused interface  ;unused;Removal of Unnecessary Creation of <iden>;if <iden> has length 0 there is no point to create stringBuilder for that. that condition check needs to happen before stringBuilder creation.;Similar;0.8921753168106079;0.36140176653862;
Remove unused interface  ;unused;Remove redundant throws  ;redundant;Similar;0.8561611175537109;0.8929482102394104;
Simplify observable creation and reduce runtime allocations;Simplify, reduce;Removal of Unnecessary Creation of <iden>;if <iden> has length 0 there is no point to create stringBuilder for that. that condition check needs to happen before stringBuilder creation.;Similar;0.8033736944198608;0.29650723934173584;
Remove duplicated test  ;It is the same as in this file;Remove the need for generated accessor methods  ;need for generated accessor methods;Similar;0.8090959191322327;0.47235697507858276;
Remove duplicated test  ;It is the same as in this file;Remove incorrect generic parameter  ;incorrect;Similar;0.8338133096694946;0.4375096559524536;
Remove duplicated test  ;It is the same as in this file;Reintroduced deprecated <file_name> constructor;deprecated;Similar;0.8019630908966064;0.43561190366744995;
Remove duplicated test  ;It is the same as in this file;Removal of Unnecessary Creation of <iden>;if <iden> has length 0 there is no point to create stringBuilder for that. that condition check needs to happen before stringBuilder creation.;Similar;0.8313262462615967;0.27817612886428833;
Remove duplicated test  ;It is the same as in this file;Remove redundant throws  ;redundant;Similar;0.8376491069793701;0.4382849931716919;
call it a <version>;Actually;Fix support for protobuf <version>+;ExtensionRegistry cannot be null;Similar;0.8249066472053528;0.5677047371864319;
Add missing import  ;missing;Remove incorrect generic parameter  ;incorrect;Similar;0.8218715190887451;0.8692007660865784;
Add missing import  ;missing;Remove unused classes from <otherCommit_link>;unused;Similar;0.8000166416168213;0.9470615386962891;
Remove the need for generated accessor methods  ;need for generated accessor methods;Remove incorrect generic parameter  ;incorrect;Similar;0.8319804072380066;0.5439930558204651;
Remove the need for generated accessor methods  ;need for generated accessor methods;Remove unused classes from <otherCommit_link>;unused;Similar;0.8361296653747559;0.48831257224082947;
Remove the need for generated accessor methods  ;need for generated accessor methods;Removal of Unnecessary Creation of <iden>;if <iden> has length 0 there is no point to create stringBuilder for that. that condition check needs to happen before stringBuilder creation.;Similar;0.8939496278762817;0.3845164179801941;
Remove the need for generated accessor methods  ;need for generated accessor methods;Remove redundant throws  ;redundant;Similar;0.831771731376648;0.49617230892181396;
Add example of using <iden> <file_name> as a <iden> <method_name>  ;This also adds the <file_name> instance as a param to the string <file_name> to allow it to delegate to others directly. This brings it into parity with the method signatures of the other <file_name> methods anyway.;Expose success type on <method_name>;Theres a bit of a test gap going on for all the variants of successful and erroneous handling of sync, async, and rx. This new behavior is fully tested in all three but more general behavior testing for them will be needed in a follow-up.;Similar;0.8617689609527588;0.6077823638916016;0.7468600869178772
Add example of using <iden> <file_name> as a <iden> <method_name>  ;This also adds the <file_name> instance as a param to the string <file_name> to allow it to delegate to others directly. This brings it into parity with the method signatures of the other <file_name> methods anyway.;Provide a mutable <file_name> implementation. <iden> to conform.;to conform;Similar;0.8766804933547974;0.2908315658569336;
Add example of using <iden> <file_name> as a <iden> <method_name>  ;This also adds the <file_name> instance as a param to the string <file_name> to allow it to delegate to others directly. This brings it into parity with the method signatures of the other <file_name> methods anyway.;Allow <file_name> instantiation  ;Hide some Apache implementation details;Similar;0.8550029397010803;0.39702320098876953;
Add example of using <iden> <file_name> as a <iden> <method_name>  ;This also adds the <file_name> instance as a param to the string <file_name> to allow it to delegate to others directly. This brings it into parity with the method signatures of the other <file_name> methods anyway.;Adding a human-readable name to the  <file_name>  interface;human-readable;Similar;0.823516845703125;0.2336713820695877;
Add example of using <iden> <file_name> as a <iden> <method_name>  ;This also adds the <file_name> instance as a param to the string <file_name> to allow it to delegate to others directly. This brings it into parity with the method signatures of the other <file_name> methods anyway.;rename <iden> ->  <file_name>  ;to harvest the names for new annotations;Similar;0.8833016157150269;0.5543661117553711;
Add example of using <iden> <file_name> as a <iden> <method_name>  ;This also adds the <file_name> instance as a param to the string <file_name> to allow it to delegate to others directly. This brings it into parity with the method signatures of the other <file_name> methods anyway.;Add <file_name>, <file_name> support to <file_name>  ;-;Similar;0.9047186374664308;0.08894366025924683;
Add example of using <iden> <file_name> as a <iden> <method_name>  ;This also adds the <file_name> instance as a param to the string <file_name> to allow it to delegate to others directly. This brings it into parity with the method signatures of the other <file_name> methods anyway.;Allow <file_name> extensions;improved <file_name>;Similar;0.8923995494842529;0.5761518478393555;
Add example of using <iden> <file_name> as a <iden> <method_name>  ;This also adds the <file_name> instance as a param to the string <file_name> to allow it to delegate to others directly. This brings it into parity with the method signatures of the other <file_name> methods anyway.;Ensure <file_name> and <file_name> use FileDescriptor.sync();Ensure <file_name> and <file_name> use FileDescriptor.sync();Similar;0.8338294625282288;0.6198073029518127;
Add example of using <iden> <file_name> as a <iden> <method_name>  ;This also adds the <file_name> instance as a param to the string <file_name> to allow it to delegate to others directly. This brings it into parity with the method signatures of the other <file_name> methods anyway.;moved util to <file_name>, added <file_name>  ;Organize and enhance code files;Similar;0.8829120397567749;0.5659605264663696;
Add example of using <iden> <file_name> as a <iden> <method_name>  ;This also adds the <file_name> instance as a param to the string <file_name> to allow it to delegate to others directly. This brings it into parity with the method signatures of the other <file_name> methods anyway.;Use <iden> <version>s JsonAdapter.serializeNulls();serializeNulls;Similar;0.8239469528198242;0.19929230213165283;
Add example of using <iden> <file_name> as a <iden> <method_name>  ;This also adds the <file_name> instance as a param to the string <file_name> to allow it to delegate to others directly. This brings it into parity with the method signatures of the other <file_name> methods anyway.;Expose <iden> via the <file_name> injection-like framework;injection-like framework;Similar;0.9063787460327148;0.40930497646331787;
Add example of using <iden> <file_name> as a <iden> <method_name>  ;This also adds the <file_name> instance as a param to the string <file_name> to allow it to delegate to others directly. This brings it into parity with the method signatures of the other <file_name> methods anyway.;Changing `<file_name>` to implement `<file_name>` interface;interface;Similar;0.8584415912628174;0.30956798791885376;
Remove incorrect generic parameter  ;incorrect;Remove unused classes from <otherCommit_link>;unused;Similar;0.8019514083862305;0.8824944496154785;
Remove incorrect generic parameter  ;incorrect;Removal of Unnecessary Creation of <iden>;if <iden> has length 0 there is no point to create stringBuilder for that. that condition check needs to happen before stringBuilder creation.;Similar;0.8902180194854736;0.27017343044281006;
Remove incorrect generic parameter  ;incorrect;Remove redundant throws  ;redundant;Similar;0.8423252105712891;0.8833587169647217;
Switch to a generic to/from  <file_name> , explicit factory.;This allows for specialization based on for what purpose the  <file_name>  is being created.;Introduce factory for <file_name> concept;This is still highly-inefficient in its internal use and there are no tests proving that we now fail earlier in configuring a service method;Similar;0.8950556516647339;0.20188988745212555;
Switch to a generic to/from  <file_name> , explicit factory.;This allows for specialization based on for what purpose the  <file_name>  is being created.;Move <file_name> into the main package, remove <iden> from core;This change means that only <iden> and <iden> are the types which are allowed for their respective objects by default. If you want serialization of any kind, you need to opt-in with either your own <file_name> or one of the provided ones;Similar;0.8090865612030029;0.7135181427001953;
Switch to a generic to/from  <file_name> , explicit factory.;This allows for specialization based on for what purpose the  <file_name>  is being created.;Introduce builder pattern to instantiate <method_name>;profiler are now optional. Convenience methods for specifying a <iden> or an <iden> directly are also provided.;Similar;0.8231918811798096;0.5162529349327087;
Introduce factory for <file_name> concept;This is still highly-inefficient in its internal use and there are no tests proving that we now fail earlier in configuring a service method;Introduce builder pattern to instantiate <method_name>;profiler are now optional. Convenience methods for specifying a <iden> or an <iden> directly are also provided.;Similar;0.8484541177749634;0.4039011597633362;
Introduce factory for <file_name> concept;This is still highly-inefficient in its internal use and there are no tests proving that we now fail earlier in configuring a service method;Expose <iden> via the <file_name> injection-like framework;injection-like framework;Similar;0.8076765537261963;0.1380583494901657;
Move <file_name> into the main package, remove <iden> from core;This change means that only <iden> and <iden> are the types which are allowed for their respective objects by default. If you want serialization of any kind, you need to opt-in with either your own <file_name> or one of the provided ones;Reintroduced deprecated <file_name> constructor;deprecated;Similar;0.8587321043014526;0.30549877882003784;
Remove unused classes from <otherCommit_link>;unused;Remove unused <file_name> classes;unused;Similar;0.9447469711303712;1.0;
Remove unused classes from <otherCommit_link>;unused;Reintroduced deprecated <file_name> constructor;deprecated;Similar;0.8177813291549683;0.8271223902702332;
Remove unused classes from <otherCommit_link>;unused;Removal of Unnecessary Creation of <iden>;if <iden> has length 0 there is no point to create stringBuilder for that. that condition check needs to happen before stringBuilder creation.;Similar;0.8493497967720032;0.36140176653862;
Fix annotation link;<iden> is gone;Fix IntelliJ auto-formatting  ;Improve the formatting;Similar;0.8549141883850098;0.45880284905433655;
Fix annotation link;<iden> is gone;Fix styling of <iden> download;styling;Similar;0.8220888376235962;0.489966481924057;
Fix annotation link;<iden> is gone;Fix spelling;spelling;Similar;0.8247721195220947;0.62822026014328;
Fix annotation link;<iden> is gone;Add fixed query parameter support;support;Similar;0.8516250848770142;0.5954315662384033;
Fix annotation link;<iden> is gone;Fix support for protobuf <version>+;ExtensionRegistry cannot be null;Similar;0.8417033553123474;0.5611217021942139;
Fix annotation link;<iden> is gone;Fix typo;typo;Similar;0.8992551565170288;0.6340473890304565;
Expose success type on <method_name>;Theres a bit of a test gap going on for all the variants of successful and erroneous handling of sync, async, and rx. This new behavior is fully tested in all three but more general behavior testing for them will be needed in a follow-up.;Provide a mutable <file_name> implementation. <iden> to conform.;to conform;Similar;0.8092195391654968;0.19748231768608093;0.8753548860549927
Expose success type on <method_name>;Theres a bit of a test gap going on for all the variants of successful and erroneous handling of sync, async, and rx. This new behavior is fully tested in all three but more general behavior testing for them will be needed in a follow-up.;Allow <file_name> instantiation  ;Hide some Apache implementation details;Similar;0.8704698085784912;0.3840115964412689;0.8055939674377441
Expose success type on <method_name>;Theres a bit of a test gap going on for all the variants of successful and erroneous handling of sync, async, and rx. This new behavior is fully tested in all three but more general behavior testing for them will be needed in a follow-up.;Introduce builder pattern to instantiate <method_name>;profiler are now optional. Convenience methods for specifying a <iden> or an <iden> directly are also provided.;Similar;0.8257386088371277;0.3805093467235565;
Expose success type on <method_name>;Theres a bit of a test gap going on for all the variants of successful and erroneous handling of sync, async, and rx. This new behavior is fully tested in all three but more general behavior testing for them will be needed in a follow-up.;Add <file_name>, <file_name> support to <file_name>  ;-;Similar;0.8581393957138062;-0.04296752065420151;0.8896418213844299
Expose success type on <method_name>;Theres a bit of a test gap going on for all the variants of successful and erroneous handling of sync, async, and rx. This new behavior is fully tested in all three but more general behavior testing for them will be needed in a follow-up.;Allow <file_name> extensions;improved <file_name>;Similar;0.8610180616378784;0.3052119314670563;0.8774048686027527
Expose success type on <method_name>;Theres a bit of a test gap going on for all the variants of successful and erroneous handling of sync, async, and rx. This new behavior is fully tested in all three but more general behavior testing for them will be needed in a follow-up.;moved util to <file_name>, added <file_name>  ;Organize and enhance code files;Similar;0.8112006187438965;0.4363809823989868;0.828305721282959
Expose success type on <method_name>;Theres a bit of a test gap going on for all the variants of successful and erroneous handling of sync, async, and rx. This new behavior is fully tested in all three but more general behavior testing for them will be needed in a follow-up.;Expose <iden> via the <file_name> injection-like framework;injection-like framework;Similar;0.8320127725601196;0.20734508335590363;0.8425998091697693
Update <file_name> to latest. Add default constructor.;latest, Add default constructor;Introduce builder pattern to instantiate <method_name>;profiler are now optional. Convenience methods for specifying a <iden> or an <iden> directly are also provided.;Similar;0.8225990533828735;0.3386755883693695;
Update <file_name> to latest. Add default constructor.;latest, Add default constructor;moved util to <file_name>, added <file_name>  ;Organize and enhance code files;Similar;0.8256851434707642;0.6078176498413086;
Update <file_name> to latest. Add default constructor.;latest, Add default constructor;Changing `<file_name>` to implement `<file_name>` interface;interface;Similar;0.813383936882019;0.5250303745269775;
Fix IntelliJ auto-formatting  ;Improve the formatting;Fix styling of <iden> download;styling;Similar;0.8185828924179077;0.7110834717750549;
Fix IntelliJ auto-formatting  ;Improve the formatting;Fix typo;typo;Similar;0.8167020082473755;0.5751357078552246;
Provide a mutable <file_name> implementation. <iden> to conform.;to conform;Introduce builder pattern to instantiate <method_name>;profiler are now optional. Convenience methods for specifying a <iden> or an <iden> directly are also provided.;Similar;0.8208271265029907;0.3925545811653137;
Provide a mutable <file_name> implementation. <iden> to conform.;to conform;Add fixed query parameter support;support;Similar;0.8023358583450317;0.8426966071128845;
Provide a mutable <file_name> implementation. <iden> to conform.;to conform;Add <file_name>, <file_name> support to <file_name>  ;-;Similar;0.856271505355835;0.8020845055580139;
Provide a mutable <file_name> implementation. <iden> to conform.;to conform;Allow <file_name> extensions;improved <file_name>;Similar;0.8238099813461304;0.6244213581085205;
Provide a mutable <file_name> implementation. <iden> to conform.;to conform;Ensure <file_name> and <file_name> use FileDescriptor.sync();Ensure <file_name> and <file_name> use FileDescriptor.sync();Similar;0.8568558692932129;0.5937144756317139;
Provide a mutable <file_name> implementation. <iden> to conform.;to conform;moved util to <file_name>, added <file_name>  ;Organize and enhance code files;Similar;0.8257677555084229;0.5168042182922363;
Provide a mutable <file_name> implementation. <iden> to conform.;to conform;Expose <iden> via the <file_name> injection-like framework;injection-like framework;Similar;0.8457403182983398;0.6869176626205444;
Provide a mutable <file_name> implementation. <iden> to conform.;to conform;Changing `<file_name>` to implement `<file_name>` interface;interface;Similar;0.832633376121521;0.733295738697052;
Allow <file_name> instantiation  ;Hide some Apache implementation details;rename <iden> ->  <file_name>  ;to harvest the names for new annotations;Similar;0.8335056304931641;0.5115598440170288;
Allow <file_name> instantiation  ;Hide some Apache implementation details;Add <file_name>, <file_name> support to <file_name>  ;-;Similar;0.8933571577072144;0.3596270680427551;
Allow <file_name> instantiation  ;Hide some Apache implementation details;Allow <file_name> extensions;improved <file_name>;Similar;0.8941651582717896;0.4728924334049225;
Allow <file_name> instantiation  ;Hide some Apache implementation details;Ensure <file_name> and <file_name> use FileDescriptor.sync();Ensure <file_name> and <file_name> use FileDescriptor.sync();Similar;0.8118504285812378;0.5253958106040955;
Allow <file_name> instantiation  ;Hide some Apache implementation details;moved util to <file_name>, added <file_name>  ;Organize and enhance code files;Similar;0.8642947673797607;0.5771821737289429;
Allow <file_name> instantiation  ;Hide some Apache implementation details;Expose <iden> via the <file_name> injection-like framework;injection-like framework;Similar;0.847456693649292;0.4458353817462921;
Remove unused <file_name> classes;unused;Reintroduced deprecated <file_name> constructor;deprecated;Similar;0.8451347351074219;0.8271223902702332;
Introduce builder pattern to instantiate <method_name>;profiler are now optional. Convenience methods for specifying a <iden> or an <iden> directly are also provided.;Expose <iden> via the <file_name> injection-like framework;injection-like framework;Similar;0.8502663373947144;0.4289948344230652;
Adding a human-readable name to the  <file_name>  interface;human-readable;Add <file_name>, <file_name> support to <file_name>  ;-;Similar;0.8071363568305969;0.6766977310180664;
Adding a human-readable name to the  <file_name>  interface;human-readable;Expose <iden> via the <file_name> injection-like framework;injection-like framework;Similar;0.8312628269195557;0.5709329843521118;
Adding a human-readable name to the  <file_name>  interface;human-readable;Changing `<file_name>` to implement `<file_name>` interface;interface;Similar;0.841084897518158;0.7025395035743713;
rename <iden> ->  <file_name>  ;to harvest the names for new annotations;Add <file_name>, <file_name> support to <file_name>  ;-;Similar;0.8332940340042114;0.2956097722053528;
rename <iden> ->  <file_name>  ;to harvest the names for new annotations;Allow <file_name> extensions;improved <file_name>;Similar;0.8419884443283081;0.6006754636764526;
rename <iden> ->  <file_name>  ;to harvest the names for new annotations;moved util to <file_name>, added <file_name>  ;Organize and enhance code files;Similar;0.9009898900985718;0.7235838174819946;
rename <iden> ->  <file_name>  ;to harvest the names for new annotations;Use <iden> <version>s JsonAdapter.serializeNulls();serializeNulls;Similar;0.8096293210983276;0.46916332840919495;
rename <iden> ->  <file_name>  ;to harvest the names for new annotations;Expose <iden> via the <file_name> injection-like framework;injection-like framework;Similar;0.8471070528030396;0.4807509183883667;
rename <iden> ->  <file_name>  ;to harvest the names for new annotations;Changing `<file_name>` to implement `<file_name>` interface;interface;Similar;0.8554489612579346;0.46330755949020386;
Fix spelling;spelling;Fix typo;typo;Similar;0.8300853967666626;0.7279039621353149;
Add fixed query parameter support;support;Allow <file_name> extensions;improved <file_name>;Similar;0.8172138333320618;0.6324853301048279;
Add fixed query parameter support;support;Fix support for protobuf <version>+;ExtensionRegistry cannot be null;Similar;0.822589635848999;0.5741251111030579;
Add <file_name>, <file_name> support to <file_name>  ;-;Allow <file_name> extensions;improved <file_name>;Similar;0.917963683605194;0.5608880519866943;
Add <file_name>, <file_name> support to <file_name>  ;-;Ensure <file_name> and <file_name> use FileDescriptor.sync();Ensure <file_name> and <file_name> use FileDescriptor.sync();Similar;0.8598542213439941;0.4629371166229248;
Add <file_name>, <file_name> support to <file_name>  ;-;moved util to <file_name>, added <file_name>  ;Organize and enhance code files;Similar;0.9104733467102052;0.40467196702957153;
Add <file_name>, <file_name> support to <file_name>  ;-;Expose <iden> via the <file_name> injection-like framework;injection-like framework;Similar;0.8451688289642334;0.6883095502853394;
Add <file_name>, <file_name> support to <file_name>  ;-;Changing `<file_name>` to implement `<file_name>` interface;interface;Similar;0.8212052583694458;0.7601059079170227;
Allow <file_name> extensions;improved <file_name>;Ensure <file_name> and <file_name> use FileDescriptor.sync();Ensure <file_name> and <file_name> use FileDescriptor.sync();Similar;0.80333411693573;0.7476352453231812;
Allow <file_name> extensions;improved <file_name>;moved util to <file_name>, added <file_name>  ;Organize and enhance code files;Similar;0.8489277362823486;0.7188955545425415;
Allow <file_name> extensions;improved <file_name>;Expose <iden> via the <file_name> injection-like framework;injection-like framework;Similar;0.8328016996383667;0.6532294750213623;
Allow <file_name> extensions;improved <file_name>;Fix support for protobuf <version>+;ExtensionRegistry cannot be null;Similar;0.8161601424217224;0.44175368547439575;
Ensure <file_name> and <file_name> use FileDescriptor.sync();Ensure <file_name> and <file_name> use FileDescriptor.sync();moved util to <file_name>, added <file_name>  ;Organize and enhance code files;Similar;0.8069458603858948;0.7369556427001953;
Ensure <file_name> and <file_name> use FileDescriptor.sync();Ensure <file_name> and <file_name> use FileDescriptor.sync();Expose <iden> via the <file_name> injection-like framework;injection-like framework;Similar;0.8073415756225586;0.6540013551712036;
moved util to <file_name>, added <file_name>  ;Organize and enhance code files;Expose <iden> via the <file_name> injection-like framework;injection-like framework;Similar;0.827278733253479;0.6361204385757446;
moved util to <file_name>, added <file_name>  ;Organize and enhance code files;Changing `<file_name>` to implement `<file_name>` interface;interface;Similar;0.8891830444335938;0.6528220176696777;
Use <iden> <version>s JsonAdapter.serializeNulls();serializeNulls;Expose <iden> via the <file_name> injection-like framework;injection-like framework;Similar;0.8215926885604858;0.709907054901123;
Removal of Unnecessary Creation of <iden>;if <iden> has length 0 there is no point to create stringBuilder for that. that condition check needs to happen before stringBuilder creation.;Remove redundant throws  ;redundant;Similar;0.8504301309585571;0.3268842399120331;
Expose <iden> via the <file_name> injection-like framework;injection-like framework;Changing `<file_name>` to implement `<file_name>` interface;interface;Similar;0.8302749991416931;0.8292475342750549;
Fix support for protobuf <version>+;ExtensionRegistry cannot be null;Fix typo;typo;Similar;0.8192603588104248;0.5445349216461182;
